,count,mean,std,min,25%,50%,75%,max
DDEM01USA156NWDB,45.0,109.78426177777777,76.53874206768118,19.50568,63.83631999999999,86.02991999999999,151.7111,407.6304
